Extension,Assumption,Judgement,AppName,AppPath
.386,open-with list,,,
.3fr,program execution,,Photos,C:\Program Files\WindowsApps\Microsoft.Windows.Photos_2023.10030.27002.0_x64__8wekyb3d8bbwe?
.3g2,program execution,,Movies & TV,C:\Windows\system32\wmp.dll?
.3gp,program execution,,Movies & TV,C:\Windows\system32\wmp.dll?
.3gp2,program execution,,Movies & TV,C:\Windows\system32\wmp.dll?
.3gpp,program execution,,Movies & TV,C:\Windows\system32\wmp.dll?
.3mf,program execution,,Paint 3D,
.a,open-with list,,Pick an app,"C:\Windows\system32\OpenWith.exe ""%1"""
.aac,program execution,,Groove Music,C:\Windows\system32\wmp.dll?
.ac3,program execution,,Groove Music,C:\Program Files\WindowsApps\Microsoft.ZuneMusic_10.22031.10091.0_x64__8wekyb3d8bbwe?
.accessor,program execution,,Microsoft Visual Studio 2022,"""C:\Program Files\Microsoft Visual Studio\2022\Community\Common7\IDE\devenv.exe"" /dde"
.accountpicture-ms,program execution,,WINDOWS.UI.IMMERSIVE,
.adt,program execution,,Groove Music,C:\Windows\system32\wmp.dll?
.adts,program execution,,Groove Music,C:\Windows\system32\wmp.dll?
.ai,open-with list,,Pick an app,"C:\Windows\system32\OpenWith.exe ""%1"""
.aif,program execution,,Windows Media Player,"""C:\Program Files (x86)\Windows Media Player\wmplayer.exe"" /Play ""%L"""
.aifc,program execution,,Windows Media Player,"""C:\Program Files (x86)\Windows Media Player\wmplayer.exe"" /Play ""%L"""
.aiff,program execution,,Windows Media Player,"""C:\Program Files (x86)\Windows Media Player\wmplayer.exe"" /Play ""%L"""
.all,program execution,,Windows Security,C:\Windows\SystemApps\Microsoft.Windows.SecHealthUI_cw5n1h2txyewy?
.amr,program execution,,Groove Music,C:\Program Files\WindowsApps\Microsoft.ZuneMusic_10.22031.10091.0_x64__8wekyb3d8bbwe?
.androidproj,program execution,,Microsoft Visual Studio 2022,"""C:\Program Files\Microsoft Visual Studio\2022\Community\Common7\IDE\devenv.exe"" ""%1"""
.ani,open-with list,,,
.ans,open-with list,,Pick an app,"C:\Windows\system32\OpenWith.exe ""%1"""
.appcontent-ms,program execution,,Windows Shell Common Dll,
.appinstaller,program execution,,App Installer,C:\Program Files\WindowsApps\Microsoft.DesktopAppInstaller_1.19.10173.0_x64__8wekyb3d8bbwe?
.application,program execution,,ClickOnce Application Deployment Support Library,"""C:\Windows\System32\rundll32.exe"" ""C:\Windows\System32\dfshim.dll"",ShOpenVerbApplication %1"
.appref-ms,program execution,,ClickOnce Application Deployment Support Library,"""C:\Windows\System32\rundll32.exe"" ""C:\Windows\System32\dfshim.dll"",ShOpenVerbShortcut %1|%2"
.appx,program execution,,App Installer,C:\Program Files\WindowsApps\Microsoft.DesktopAppInstaller_1.19.10173.0_x64__8wekyb3d8bbwe?
.appxbundle,program execution,,App Installer,C:\Program Files\WindowsApps\Microsoft.DesktopAppInstaller_1.19.10173.0_x64__8wekyb3d8bbwe?
.aps,open-with list,,Pick an app,"C:\Windows\system32\OpenWith.exe ""%1"""
.arc,open-with list,,Pick an app,"C:\Windows\system32\OpenWith.exe ""%1"""
.ari,program execution,,Photos,C:\Program Files\WindowsApps\Microsoft.Windows.Photos_2023.10030.27002.0_x64__8wekyb3d8bbwe?
.arj,open-with list,,Pick an app,"C:\Windows\system32\OpenWith.exe ""%1"""
.art,open-with list,,Pick an app,"C:\Windows\system32\OpenWith.exe ""%1"""
.arw,program execution,,Photos,C:\Program Files\WindowsApps\Microsoft.Windows.Photos_2023.10030.27002.0_x64__8wekyb3d8bbwe?
.asa,open-with list,,,C:\Windows\System32\msxml3.dll?
.asax,program execution,,Microsoft Visual Studio 2022,"""C:\Program Files\Microsoft Visual Studio\2022\Community\Common7\IDE\devenv.exe"" /dde"
.asc,open-with list,,Pick an app,"C:\Windows\system32\OpenWith.exe ""%1"""
.ascx,program execution,,Microsoft Visual Studio 2022,"""C:\Program Files\Microsoft Visual Studio\2022\Community\Common7\IDE\devenv.exe"" /dde"
.asf,program execution,,Windows Media Player,"""C:\Program Files (x86)\Windows Media Player\wmplayer.exe"" /prefetch:7 /Play ""%L"""
.ashx,program execution,,Microsoft Visual Studio 2022,"""C:\Program Files\Microsoft Visual Studio\2022\Community\Common7\IDE\devenv.exe"" /dde"
.asm,program execution,,Microsoft Visual Studio 2022,"""C:\Program Files\Microsoft Visual Studio\2022\Community\Common7\IDE\devenv.exe"" /dde"
.asmx,program execution,,Microsoft Visual Studio 2022,"""C:\Program Files\Microsoft Visual Studio\2022\Community\Common7\IDE\devenv.exe"" /dde"
.asp,open-with list,,,
.aspx,program execution,,Microsoft Visual Studio 2022,"""C:\Program Files\Microsoft Visual Studio\2022\Community\Common7\IDE\devenv.exe"" /dde"
.asx,program execution,,Windows Media Player,"""C:\Program Files (x86)\Windows Media Player\wmplayer.exe"" /Play ""%L"""
.au,program execution,,Windows Media Player,"""C:\Program Files (x86)\Windows Media Player\wmplayer.exe"" /Play ""%L"""
.avci,open-with list,,Pick an app,"C:\Windows\system32\OpenWith.exe ""%1"""
.avcs,open-with list,,Pick an app,"C:\Windows\system32\OpenWith.exe ""%1"""
.avi,program execution,,Movies & TV,C:\Windows\system32\wmp.dll?
.avif,program execution,,Photos,C:\Program Files\WindowsApps\Microsoft.Windows.Photos_2023.10030.27002.0_x64__8wekyb3d8bbwe?
.avifs,open-with list,,Pick an app,"C:\Windows\system32\OpenWith.exe ""%1"""
.bas,open-with list,,Pick an app,"C:\Windows\system32\OpenWith.exe ""%1"""
.bat,program execution,,,"""%1"" %*"
.bay,program execution,,Photos,C:\Program Files\WindowsApps\Microsoft.Windows.Photos_2023.10030.27002.0_x64__8wekyb3d8bbwe?
.bcp,open-with list,,Pick an app,"C:\Windows\system32\OpenWith.exe ""%1"""
.bin,open-with list,,Pick an app,"C:\Windows\system32\OpenWith.exe ""%1"""
.bkf,open-with list,,Pick an app,"C:\Windows\system32\OpenWith.exe ""%1"""
.blg,program execution,,Resource and Performance Monitor,"C:\Windows\system32\perfmon /sys /open ""%1"""
.bmp,program execution,,Photos,C:\Windows\System32\mshtml.dll?
.bsc,open-with list,,,
.c,program execution,,Microsoft Visual Studio 2022,"""C:\Program Files\Microsoft Visual Studio\2022\Community\Common7\IDE\devenv.exe"" /dde"
.c5e2524a-ea46-4f67-841f-6a9465d9d515,program execution,,File Explorer,C:\Windows\SystemApps\Microsoft.Windows.FileExplorer_cw5n1h2txyewy?
.cab,program execution,,Windows Explorer,"C:\Windows\Explorer.exe /idlist,%I,%L"
.camp,program execution,,Microsoft Color Control Panel,"""colorcpl.exe"" ""%1"""
.cap,program execution,,Photos,C:\Program Files\WindowsApps\Microsoft.Windows.Photos_2023.10030.27002.0_x64__8wekyb3d8bbwe?
.cat,program execution,,Crypto Shell Extensions,"C:\Windows\system32\rundll32.exe cryptext.dll,CryptExtOpenCAT %1"
.cc,program execution,,Microsoft Visual Studio 2022,"""C:\Program Files\Microsoft Visual Studio\2022\Community\Common7\IDE\devenv.exe"" /dde"
.cda,program execution,,Windows Media Player,"""C:\Program Files (x86)\Windows Media Player\wmplayer.exe"" /Play ""%L"""
.cdmp,program execution,,Microsoft Color Control Panel,"""colorcpl.exe"" ""%1"""
.cdx,open-with list,,,
.cdxml,program execution,,Notepad,C:\Windows\system32\NOTEPAD.EXE %1
.cer,program execution,,Crypto Shell Extensions,"C:\Windows\system32\rundll32.exe cryptext.dll,CryptExtOpenCER %1"
.cgm,open-with list,,Pick an app,"C:\Windows\system32\OpenWith.exe ""%1"""
.chk,open-with list,,,
.chm,program execution,,Microsoft® HTML Help Executable,"""C:\Windows\hh.exe"" %1"
.cls,open-with list,,Pick an app,"C:\Windows\system32\OpenWith.exe ""%1"""
.cmd,program execution,,,"""%1"" %*"
.cod,program execution,,Microsoft Visual Studio 2022,"""C:\Program Files\Microsoft Visual Studio\2022\Community\Common7\IDE\devenv.exe"" /dde"
.coffee,program execution,,Microsoft Visual Studio 2022,"""C:\Program Files\Microsoft Visual Studio\2022\Community\Common7\IDE\devenv.exe"" /dde"
.com,program execution,,,"""%1"" %*"
.compositefont,program execution,,Notepad,"""C:\Windows\System32\notepad.exe"" ""%1"""
.config,program execution,,Microsoft Visual Studio 2022,"""C:\Program Files\Microsoft Visual Studio\2022\Community\Common7\IDE\devenv.exe"" /dde"
.contact,open-with list,,Pick an app,"C:\Windows\system32\OpenWith.exe ""%1"""
.coverage,program execution,,Microsoft Visual Studio 2022,"""C:\Program Files\Microsoft Visual Studio\2022\Community\Common7\IDE\devenv.exe"" /dde"
.cpl,program execution,,Windows Control Panel,"C:\Windows\System32\control.exe ""%1"",%*"
.cpp,program execution,,Microsoft Visual Studio 2022,"""C:\Program Files\Microsoft Visual Studio\2022\Community\Common7\IDE\devenv.exe"" /dde"
.cppm,program execution,,Microsoft Visual Studio 2022,"""C:\Program Files\Microsoft Visual Studio\2022\Community\Common7\IDE\devenv.exe"" /dde"
.cr2,program execution,,Photos,C:\Program Files\WindowsApps\Microsoft.Windows.Photos_2023.10030.27002.0_x64__8wekyb3d8bbwe?
.cr3,program execution,,Photos,C:\Program Files\WindowsApps\Microsoft.Windows.Photos_2023.10030.27002.0_x64__8wekyb3d8bbwe?
.crl,program execution,,Crypto Shell Extensions,"C:\Windows\system32\rundll32.exe cryptext.dll,CryptExtOpenCRL %1"
.crt,program execution,,Crypto Shell Extensions,"C:\Windows\system32\rundll32.exe cryptext.dll,CryptExtOpenCER %1"
.crw,program execution,,Photos,C:\Program Files\WindowsApps\Microsoft.Windows.Photos_2023.10030.27002.0_x64__8wekyb3d8bbwe?
.cs,program execution,,Microsoft Visual Studio 2022,"""C:\Program Files\Microsoft Visual Studio\2022\Community\Common7\IDE\devenv.exe"" /dde"
.csa,open-with list,,Pick an app,"C:\Windows\system32\OpenWith.exe ""%1"""
.csh,program execution,,Microsoft Visual Studio 2022,"""C:\Program Files\Microsoft Visual Studio\2022\Community\Common7\IDE\devenv.exe"" /dde"
.cshader,program execution,,Microsoft Visual Studio 2022,"""C:\Program Files\Microsoft Visual Studio\2022\Community\Common7\IDE\devenv.exe"" /dde"
.cshtml,program execution,,Microsoft Visual Studio 2022,"""C:\Program Files\Microsoft Visual Studio\2022\Community\Common7\IDE\devenv.exe"" /dde"
.csproj,program execution,,Microsoft Visual Studio Version Selector,"""C:\Program Files (x86)\Common Files\Microsoft Shared\MSEnv\VSLauncher.exe"" ""%1"""
.css,program execution,,Notepad,C:\Windows\system32\NOTEPAD.EXE %1
.csv,open-with list,,Pick an app,"C:\Windows\system32\OpenWith.exe ""%1"""
.cur,open-with list,,,
.cxx,program execution,,Microsoft Visual Studio 2022,"""C:\Program Files\Microsoft Visual Studio\2022\Community\Common7\IDE\devenv.exe"" /dde"
.dat,open-with list,,Pick an app,"C:\Windows\system32\OpenWith.exe ""%1"""
.datasource,program execution,,Notepad,C:\Windows\system32\NOTEPAD.EXE %1
.db,open-with list,,,
.dbg,open-with list,,Pick an app,"C:\Windows\system32\OpenWith.exe ""%1"""
.dbs,open-with list,,Pick an app,"C:\Windows\system32\OpenWith.exe ""%1"""
.dcr,program execution,,Photos,C:\Program Files\WindowsApps\Microsoft.Windows.Photos_2023.10030.27002.0_x64__8wekyb3d8bbwe?
.dcs,program execution,,Photos,C:\Program Files\WindowsApps\Microsoft.Windows.Photos_2023.10030.27002.0_x64__8wekyb3d8bbwe?
.dct,open-with list,,Pick an app,"C:\Windows\system32\OpenWith.exe ""%1"""
.dctx,program execution,,Microsoft IME Open Extended Dictionary Module,"""C:\Windows\system32\IME\SHARED\imewdbld.exe"" ""%1"" %*"
.dctxc,program execution,,Microsoft IME Open Extended Dictionary Module,"""C:\Windows\system32\IME\SHARED\imewdbld.exe"" ""%1"" %*"
.dds,open-with list,,,C:\Windows\System32\mshtml.dll?
.def,program execution,,Microsoft Visual Studio 2022,"""C:\Program Files\Microsoft Visual Studio\2022\Community\Common7\IDE\devenv.exe"" /dde"
.der,program execution,,Crypto Shell Extensions,"C:\Windows\system32\rundll32.exe cryptext.dll,CryptExtOpenCER %1"
.desklink,open-with list,,,
.deskthemepack,program execution,,Personalization CPL,"C:\Windows\system32\rundll32.exe C:\Windows\system32\themecpl.dll,OpenThemeAction %1"
.diagcab,program execution,,Diagnostics Troubleshooting Wizard,"C:\Windows\system32\msdt.exe /cab ""%1"""
.diagcfg,program execution,,Diagnostics Troubleshooting Wizard,"C:\Windows\system32\msdt.exe /path ""%1"""
.diagpkg,program execution,,Diagnostics Troubleshooting Wizard,"C:\Windows\system32\msdt.exe /path ""%1"""
.dib,program execution,,Photos,C:\Windows\System32\mshtml.dll?
.dic,open-with list,,Pick an app,"C:\Windows\system32\OpenWith.exe ""%1"""
.disco,program execution,,Microsoft Visual Studio 2022,"""C:\Program Files\Microsoft Visual Studio\2022\Community\Common7\IDE\devenv.exe"" /dde"
.divx,program execution,,Movies & TV,C:\Program Files\WindowsApps\Microsoft.ZuneVideo_10.22091.10041.0_x64__8wekyb3d8bbwe?
.diz,open-with list,,Pick an app,"C:\Windows\system32\OpenWith.exe ""%1"""
.dll,open-with list,,,
.dl_,open-with list,,Pick an app,"C:\Windows\system32\OpenWith.exe ""%1"""
.dmp,program execution,,Microsoft Visual Studio 2022,"""C:\Program Files\Microsoft Visual Studio\2022\Community\Common7\IDE\devenv.exe"" ""%1"""
.dng,program execution,,Snip & Sketch,
.doc,open-with list,,Pick an app,"C:\Windows\system32\OpenWith.exe ""%1"""
.docx,program execution,,WordPad,"""C:\Program Files\Windows NT\Accessories\WORDPAD.EXE"" ""%1"""
.dos,open-with list,,Pick an app,"C:\Windows\system32\OpenWith.exe ""%1"""
.dot,open-with list,,Pick an app,"C:\Windows\system32\OpenWith.exe ""%1"""
.drf,program execution,,Photos,C:\Program Files\WindowsApps\Microsoft.Windows.Photos_2023.10030.27002.0_x64__8wekyb3d8bbwe?
.drv,open-with list,,,
.dsgl,program execution,,Microsoft Visual Studio 2022,"""C:\Program Files\Microsoft Visual Studio\2022\Community\Common7\IDE\devenv.exe"" /dde"
.dsh,program execution,,Microsoft Visual Studio 2022,"""C:\Program Files\Microsoft Visual Studio\2022\Community\Common7\IDE\devenv.exe"" /dde"
.dshader,program execution,,Microsoft Visual Studio 2022,"""C:\Program Files\Microsoft Visual Studio\2022\Community\Common7\IDE\devenv.exe"" /dde"
.dsn,open-with list,,,
.dsp,open-with list,,Pick an app,"C:\Windows\system32\OpenWith.exe ""%1"""
.dsw,open-with list,,Pick an app,"C:\Windows\system32\OpenWith.exe ""%1"""
.dtcp-ip,open-with list,,Pick an app,"C:\Windows\system32\OpenWith.exe ""%1"""
.dtd,program execution,,Microsoft Visual Studio 2022,"""C:\Program Files\Microsoft Visual Studio\2022\Community\Common7\IDE\devenv.exe"" /dde"
.dvr-ms,program execution,,Windows Media Player,"""C:\Program Files (x86)\Windows Media Player\wmplayer.exe"" /Play ""%L"""
.ec3,program execution,,Groove Music,C:\Program Files\WindowsApps\Microsoft.ZuneMusic_10.22031.10091.0_x64__8wekyb3d8bbwe?
.eip,program execution,,Photos,C:\Program Files\WindowsApps\Microsoft.Windows.Photos_2023.10030.27002.0_x64__8wekyb3d8bbwe?
.emf,program execution,,Paint,"""C:\Windows\system32\mspaint.exe"" ""%1"""
.eml,program execution,,Mail,C:\Program Files\WindowsApps\microsoft.windowscommunicationsapps_16005.14326.21434.0_x64__8wekyb3d8bbwe?
.eps,open-with list,,Pick an app,"C:\Windows\system32\OpenWith.exe ""%1"""
.epub,open-with list,,Pick an app,"C:\Windows\system32\OpenWith.exe ""%1"""
.erf,program execution,,Photos,C:\Program Files\WindowsApps\Microsoft.Windows.Photos_2023.10030.27002.0_x64__8wekyb3d8bbwe?
.etp,open-with list,,Pick an app,"C:\Windows\system32\OpenWith.exe ""%1"""
.evt,program execution,,Event Viewer Snapin Launcher,"C:\Windows\system32\eventvwr.exe /l:""%1"""
.evtx,program execution,,Event Viewer Snapin Launcher,"C:\Windows\system32\eventvwr.exe /l:""%1"""
.exe,program execution,,,"""%1"" %*"
.exp,open-with list,,,
.ext,open-with list,,Pick an app,"C:\Windows\system32\OpenWith.exe ""%1"""
.ex_,open-with list,,Pick an app,"C:\Windows\system32\OpenWith.exe ""%1"""
.eyb,open-with list,,Pick an app,"C:\Windows\system32\OpenWith.exe ""%1"""
.faq,open-with list,,Pick an app,"C:\Windows\system32\OpenWith.exe ""%1"""
.fbx,program execution,,3D Viewer,C:\Program Files\WindowsApps\Microsoft.Microsoft3DViewer_7.2211.24012.0_x64__8wekyb3d8bbwe?
.fff,program execution,,Photos,C:\Program Files\WindowsApps\Microsoft.Windows.Photos_2023.10030.27002.0_x64__8wekyb3d8bbwe?
.fh,program execution,,Feedback Hub,C:\Program Files\WindowsApps\Microsoft.WindowsFeedbackHub_1.2304.1243.0_x64__8wekyb3d8bbwe?
.fif,open-with list,,Pick an app,"C:\Windows\system32\OpenWith.exe ""%1"""
.filters,program execution,,Microsoft Visual Studio 2022,"""C:\Program Files\Microsoft Visual Studio\2022\Community\Common7\IDE\devenv.exe"" /dde"
.fky,open-with list,,Pick an app,"C:\Windows\system32\OpenWith.exe ""%1"""
.flac,program execution,,Groove Music,C:\Windows\system32\wmp.dll?
.fluid,program execution,,Microsoft OneDrive File Launcher,"""C:\Users\hacker\AppData\Local\Microsoft\OneDrive\23.086.0423.0002\OneDriveFileLauncher.exe"" ""%1"""
.fnd,open-with list,,Pick an app,"C:\Windows\system32\OpenWith.exe ""%1"""
.fnt,open-with list,,Pick an app,"C:\Windows\system32\OpenWith.exe ""%1"""
.fon,program execution,,Windows Font Viewer,C:\Windows\System32\fontview.exe %1
.fx,program execution,,Microsoft Visual Studio 2022,"""C:\Program Files\Microsoft Visual Studio\2022\Community\Common7\IDE\devenv.exe"" /dde"
.generictest,program execution,,Microsoft Visual Studio 2022,"""C:\Program Files\Microsoft Visual Studio\2022\Community\Common7\IDE\devenv.exe"" /dde"
.ghi,open-with list,,Pick an app,"C:\Windows\system32\OpenWith.exe ""%1"""
.gif,program execution,,Photos,C:\Windows\System32\mshtml.dll?
.gitattributes,program execution,,Notepad,C:\Windows\system32\NOTEPAD.EXE %1
.gitignore,program execution,,Notepad,C:\Windows\system32\NOTEPAD.EXE %1
.gitmodules,program execution,,Notepad,C:\Windows\system32\NOTEPAD.EXE %1
.glb,program execution,,3D Viewer,C:\Program Files\WindowsApps\Microsoft.Microsoft3DViewer_7.2211.24012.0_x64__8wekyb3d8bbwe?
.gltf,program execution,,3D Viewer,C:\Program Files\WindowsApps\Microsoft.Microsoft3DViewer_7.2211.24012.0_x64__8wekyb3d8bbwe?
.gmmp,program execution,,Microsoft Color Control Panel,"""colorcpl.exe"" ""%1"""
.group,open-with list,,Pick an app,"C:\Windows\system32\OpenWith.exe ""%1"""
.grp,open-with list,,,
.gsh,program execution,,Microsoft Visual Studio 2022,"""C:\Program Files\Microsoft Visual Studio\2022\Community\Common7\IDE\devenv.exe"" /dde"
.gshader,program execution,,Microsoft Visual Studio 2022,"""C:\Program Files\Microsoft Visual Studio\2022\Community\Common7\IDE\devenv.exe"" /dde"
.gz,open-with list,,Pick an app,"C:\Windows\system32\OpenWith.exe ""%1"""
.h,program execution,,Microsoft Visual Studio 2022,"""C:\Program Files\Microsoft Visual Studio\2022\Community\Common7\IDE\devenv.exe"" /dde"
.hdmp,program execution,,Microsoft Visual Studio 2022,"""C:\Program Files\Microsoft Visual Studio\2022\Community\Common7\IDE\devenv.exe"" ""%1"""
.hdp,open-with list,,Pick an app,"C:\Windows\system32\OpenWith.exe ""%1"""
.heic,program execution,,Photos,C:\Program Files\WindowsApps\Microsoft.Windows.Photos_2023.10030.27002.0_x64__8wekyb3d8bbwe?
.heics,open-with list,,Pick an app,"C:\Windows\system32\OpenWith.exe ""%1"""
.heif,program execution,,Photos,C:\Program Files\WindowsApps\Microsoft.Windows.Photos_2023.10030.27002.0_x64__8wekyb3d8bbwe?
.heifs,open-with list,,Pick an app,"C:\Windows\system32\OpenWith.exe ""%1"""
.hh,program execution,,Microsoft Visual Studio 2022,"""C:\Program Files\Microsoft Visual Studio\2022\Community\Common7\IDE\devenv.exe"" /dde"
.hhc,open-with list,,Pick an app,"C:\Windows\system32\OpenWith.exe ""%1"""
.hif,program execution,,Photos,C:\Program Files\WindowsApps\Microsoft.Windows.Photos_2023.10030.27002.0_x64__8wekyb3d8bbwe?
.hlp,program execution,,Windows Winhlp32 Stub,C:\Windows\winhlp32.exe %1
.hlsl,program execution,,Microsoft Visual Studio 2022,"""C:\Program Files\Microsoft Visual Studio\2022\Community\Common7\IDE\devenv.exe"" /dde"
.hlsli,program execution,,Microsoft Visual Studio 2022,"""C:\Program Files\Microsoft Visual Studio\2022\Community\Common7\IDE\devenv.exe"" /dde"
.hpp,program execution,,Microsoft Visual Studio 2022,"""C:\Program Files\Microsoft Visual Studio\2022\Community\Common7\IDE\devenv.exe"" /dde"
.hqx,open-with list,,Pick an app,"C:\Windows\system32\OpenWith.exe ""%1"""
.hsh,program execution,,Microsoft Visual Studio 2022,"""C:\Program Files\Microsoft Visual Studio\2022\Community\Common7\IDE\devenv.exe"" /dde"
.hshader,program execution,,Microsoft Visual Studio 2022,"""C:\Program Files\Microsoft Visual Studio\2022\Community\Common7\IDE\devenv.exe"" /dde"
.hta,program execution,,Microsoft (R) HTML Application host,"C:\Windows\SysWOW64\mshta.exe ""%1"" {1E460BD7-F1C3-4B2E-88BF-4E770A288AF5}%U{1E460BD7-F1C3-4B2E-88BF-4E770A288AF5} %*"
.htc,open-with list,,Pick an app,"C:\Windows\system32\OpenWith.exe ""%1"""
.htm,program execution,,Microsoft Edge,"""C:\Program Files (x86)\Microsoft\Edge\Application\msedge.exe"" --single-argument %1"
.html,program execution,,Microsoft Edge,"""C:\Program Files (x86)\Microsoft\Edge\Application\msedge.exe"" --single-argument %1"
.htt,open-with list,,Pick an app,"C:\Windows\system32\OpenWith.exe ""%1"""
.htw,open-with list,,Pick an app,"C:\Windows\system32\OpenWith.exe ""%1"""
.htx,open-with list,,Pick an app,"C:\Windows\system32\OpenWith.exe ""%1"""
.hxx,program execution,,Microsoft Visual Studio 2022,"""C:\Program Files\Microsoft Visual Studio\2022\Community\Common7\IDE\devenv.exe"" /dde"
.i,program execution,,Microsoft Visual Studio 2022,"""C:\Program Files\Microsoft Visual Studio\2022\Community\Common7\IDE\devenv.exe"" /dde"
.ibq,open-with list,,Pick an app,"C:\Windows\system32\OpenWith.exe ""%1"""
.icc,program execution,,Microsoft Color Control Panel,"""colorcpl.exe"" ""%1"""
.icl,open-with list,,,
.icm,program execution,,Microsoft Color Control Panel,"""colorcpl.exe"" ""%1"""
.ico,open-with list,,,C:\Windows\System32\mshtml.dll?
.ics,program execution,,Calendar,C:\Program Files\WindowsApps\microsoft.windowscommunicationsapps_16005.14326.21434.0_x64__8wekyb3d8bbwe?
.idb,open-with list,,,
.idl,program execution,,Microsoft Visual Studio 2022,"""C:\Program Files\Microsoft Visual Studio\2022\Community\Common7\IDE\devenv.exe"" /dde"
.idq,open-with list,,Pick an app,"C:\Windows\system32\OpenWith.exe ""%1"""
.iiq,program execution,,Photos,C:\Program Files\WindowsApps\Microsoft.Windows.Photos_2023.10030.27002.0_x64__8wekyb3d8bbwe?
.ilk,open-with list,,,
.imc,open-with list,,Pick an app,"C:\Windows\system32\OpenWith.exe ""%1"""
.imesx,program execution,,IME search module,"""C:\Windows\system32\IME\SHARED\imesearch.exe"" ""%1"""
.img,program execution,,Windows Explorer,C:\Windows\Explorer.exe
.inc,program execution,,Microsoft Visual Studio 2022,"""C:\Program Files\Microsoft Visual Studio\2022\Community\Common7\IDE\devenv.exe"" /dde"
.inf,program execution,,Notepad,C:\Windows\system32\NOTEPAD.EXE %1
.ini,program execution,,Notepad,C:\Windows\system32\NOTEPAD.EXE %1
.inl,program execution,,Microsoft Visual Studio 2022,"""C:\Program Files\Microsoft Visual Studio\2022\Community\Common7\IDE\devenv.exe"" /dde"
.inv,open-with list,,Pick an app,"C:\Windows\system32\OpenWith.exe ""%1"""
.inx,open-with list,,Pick an app,"C:\Windows\system32\OpenWith.exe ""%1"""
.in_,open-with list,,Pick an app,"C:\Windows\system32\OpenWith.exe ""%1"""
.ipp,program execution,,Microsoft Visual Studio 2022,"""C:\Program Files\Microsoft Visual Studio\2022\Community\Common7\IDE\devenv.exe"" /dde"
.iso,program execution,,Windows Explorer,C:\Windows\Explorer.exe
.itrace,program execution,,Microsoft Visual Studio 2022,"""C:\Program Files\Microsoft Visual Studio\2022\Community\Common7\IDE\devenv.exe"" ""%1"""
.IVF,open-with list,,Pick an app,"C:\Windows\system32\OpenWith.exe ""%1"""
.ixx,program execution,,Microsoft Visual Studio 2022,"""C:\Program Files\Microsoft Visual Studio\2022\Community\Common7\IDE\devenv.exe"" /dde"
.jav,open-with list,,Pick an app,"C:\Windows\system32\OpenWith.exe ""%1"""
.java,open-with list,,Pick an app,"C:\Windows\system32\OpenWith.exe ""%1"""
.jbf,open-with list,,Pick an app,"C:\Windows\system32\OpenWith.exe ""%1"""
.jfif,program execution,,Photos,C:\Windows\System32\mshtml.dll?
.Job,open-with list,,,
.jod,open-with list,,,
.jpe,program execution,,Photos,C:\Windows\System32\mshtml.dll?
.jpeg,program execution,,Photos,C:\Windows\System32\mshtml.dll?
.jpg,program execution,,Photos,C:\Windows\System32\mshtml.dll?
.js,program execution,,Microsoft ® Windows Based Script Host,"C:\Windows\System32\WScript.exe ""%1"" %*"
.JSE,program execution,,Microsoft ® Windows Based Script Host,"C:\Windows\System32\WScript.exe ""%1"" %*"
.json,program execution,,Microsoft Visual Studio 2022,"""C:\Program Files\Microsoft Visual Studio\2022\Community\Common7\IDE\devenv.exe"" /dde"
.jsonld,program execution,,Microsoft Visual Studio 2022,"""C:\Program Files\Microsoft Visual Studio\2022\Community\Common7\IDE\devenv.exe"" /dde"
.jsproj,program execution,,Microsoft Visual Studio 2022,"""C:\Program Files\Microsoft Visual Studio\2022\Community\Common7\IDE\devenv.exe"" ""%1"""
.jsx,program execution,,Microsoft Visual Studio 2022,"""C:\Program Files\Microsoft Visual Studio\2022\Community\Common7\IDE\devenv.exe"" /dde"
.jxr,program execution,,Photos,C:\Windows\System32\mshtml.dll?
.k25,program execution,,Photos,C:\Program Files\WindowsApps\Microsoft.Windows.Photos_2023.10030.27002.0_x64__8wekyb3d8bbwe?
.kci,open-with list,,Pick an app,"C:\Windows\system32\OpenWith.exe ""%1"""
.kdc,program execution,,Photos,C:\Program Files\WindowsApps\Microsoft.Windows.Photos_2023.10030.27002.0_x64__8wekyb3d8bbwe?
.label,open-with list,,,
.latex,open-with list,,Pick an app,"C:\Windows\system32\OpenWith.exe ""%1"""
.less,program execution,,Microsoft Visual Studio 2022,"""C:\Program Files\Microsoft Visual Studio\2022\Community\Common7\IDE\devenv.exe"" /dde"
.lgn,open-with list,,Pick an app,"C:\Windows\system32\OpenWith.exe ""%1"""
.lib,open-with list,,,
.library-ms,program execution,,Windows Explorer,C:\Windows\Explorer.exe
.lic,open-with list,,,
.lnk,open-with list,,,
.local,open-with list,,Pick an app,"C:\Windows\system32\OpenWith.exe ""%1"""
.log,program execution,,Notepad,C:\Windows\system32\NOTEPAD.EXE %1
.loop,program execution,,Microsoft OneDrive File Launcher,"""C:\Users\hacker\AppData\Local\Microsoft\OneDrive\23.086.0423.0002\OneDriveFileLauncher.exe"" ""%1"""
.lpcm,open-with list,,Pick an app,"C:\Windows\system32\OpenWith.exe ""%1"""
.lst,program execution,,Microsoft Visual Studio 2022,"""C:\Program Files\Microsoft Visual Studio\2022\Community\Common7\IDE\devenv.exe"" /dde"
.lzh,open-with list,,Pick an app,"C:\Windows\system32\OpenWith.exe ""%1"""
.m14,open-with list,,Pick an app,"C:\Windows\system32\OpenWith.exe ""%1"""
.m1v,program execution,,Windows Media Player,"""C:\Program Files (x86)\Windows Media Player\wmplayer.exe"" /prefetch:9 /Play ""%L"""
.m2t,program execution,,Movies & TV,C:\Windows\system32\wmp.dll?
.m2ts,program execution,,Movies & TV,C:\Windows\system32\wmp.dll?
.m2v,program execution,,Windows Media Player,"""C:\Program Files (x86)\Windows Media Player\wmplayer.exe"" /prefetch:9 /Play ""%L"""
.m3u,program execution,,Groove Music,C:\Windows\system32\wmp.dll?
.m4a,program execution,,Groove Music,C:\Windows\system32\wmp.dll?
.m4b,open-with list,,Pick an app,"C:\Windows\system32\OpenWith.exe ""%1"""
.m4p,open-with list,,Pick an app,"C:\Windows\system32\OpenWith.exe ""%1"""
.m4r,program execution,,Groove Music,C:\Program Files\WindowsApps\Microsoft.ZuneMusic_10.22031.10091.0_x64__8wekyb3d8bbwe?
.m4v,program execution,,Movies & TV,C:\Windows\system32\wmp.dll?
.mak,program execution,,Microsoft Visual Studio 2022,"""C:\Program Files\Microsoft Visual Studio\2022\Community\Common7\IDE\devenv.exe"" ""%1"""
.man,open-with list,,Pick an app,"C:\Windows\system32\OpenWith.exe ""%1"""
.manifest,open-with list,,Pick an app,"C:\Windows\system32\OpenWith.exe ""%1"""
.map,program execution,,Microsoft Visual Studio 2022,"""C:\Program Files\Microsoft Visual Studio\2022\Community\Common7\IDE\devenv.exe"" /dde"
.mapimail,open-with list,,,
.master,program execution,,Microsoft Visual Studio 2022,"""C:\Program Files\Microsoft Visual Studio\2022\Community\Common7\IDE\devenv.exe"" /dde"
.mdc,program execution,,Photos,C:\Program Files\WindowsApps\Microsoft.Windows.Photos_2023.10030.27002.0_x64__8wekyb3d8bbwe?
.mdmp,program execution,,Microsoft Visual Studio 2022,"""C:\Program Files\Microsoft Visual Studio\2022\Community\Common7\IDE\devenv.exe"" ""%1"""
.mef,program execution,,Photos,C:\Program Files\WindowsApps\Microsoft.Windows.Photos_2023.10030.27002.0_x64__8wekyb3d8bbwe?
.mfcribbon-ms,program execution,,Microsoft Visual Studio 2022,"""C:\Program Files\Microsoft Visual Studio\2022\Community\Common7\IDE\devenv.exe"" /dde"
.mht,program execution,,Microsoft Edge,"""C:\Program Files (x86)\Microsoft\Edge\Application\msedge.exe"" --single-argument %1"
.mhtml,program execution,,Microsoft Edge,"""C:\Program Files (x86)\Microsoft\Edge\Application\msedge.exe"" --single-argument %1"
.mid,program execution,,Windows Media Player,"""C:\Program Files (x86)\Windows Media Player\wmplayer.exe"" /Play ""%L"""
.midi,program execution,,Windows Media Player,"""C:\Program Files (x86)\Windows Media Player\wmplayer.exe"" /Play ""%L"""
.mk,program execution,,Microsoft Visual Studio 2022,"""C:\Program Files\Microsoft Visual Studio\2022\Community\Common7\IDE\devenv.exe"" ""%1"""
.mk3d,program execution,,Windows Media Player,"""C:\Program Files (x86)\Windows Media Player\wmplayer.exe"" /prefetch:6 /Play ""%L"""
.mka,program execution,,Groove Music,C:\Windows\system32\wmp.dll?
.mkv,program execution,,Movies & TV,C:\Windows\system32\wmp.dll?
.mlc,program execution,,Language Pack Installer,"C:\Windows\system32\lpksetup.exe /p ""%1"""
.mmf,open-with list,,Pick an app,"C:\Windows\system32\OpenWith.exe ""%1"""
.mod,program execution,,Movies & TV,C:\Windows\system32\wmp.dll?
.mos,program execution,,Photos,C:\Program Files\WindowsApps\Microsoft.Windows.Photos_2023.10030.27002.0_x64__8wekyb3d8bbwe?
.mov,program execution,,Movies & TV,C:\Windows\system32\wmp.dll?
.movie,open-with list,,Pick an app,"C:\Windows\system32\OpenWith.exe ""%1"""
.mp2,program execution,,Windows Media Player,"""C:\Program Files (x86)\Windows Media Player\wmplayer.exe"" /prefetch:6 /Play ""%L"""
.mp2v,program execution,,Windows Media Player,"""C:\Program Files (x86)\Windows Media Player\wmplayer.exe"" /prefetch:9 /Play ""%L"""
.mp3,program execution,,Groove Music,C:\Windows\system32\wmp.dll?
.mp4,program execution,,Movies & TV,C:\Windows\system32\wmp.dll?
.mp4v,program execution,,Movies & TV,C:\Windows\system32\wmp.dll?
.mpa,program execution,,Groove Music,C:\Windows\system32\wmp.dll?
.mpe,program execution,,Movies & TV,C:\Windows\system32\wmp.dll?
.mpeg,program execution,,Movies & TV,C:\Windows\system32\wmp.dll?
.mpg,program execution,,Movies & TV,C:\Windows\system32\wmp.dll?
.mpv2,program execution,,Movies & TV,C:\Windows\system32\wmp.dll?
.mrw,program execution,,Photos,C:\Program Files\WindowsApps\Microsoft.Windows.Photos_2023.10030.27002.0_x64__8wekyb3d8bbwe?
.ms-lockscreencomponent-primary,program execution,,Calendar,C:\Program Files\WindowsApps\microsoft.windowscommunicationsapps_16005.14326.21434.0_x64__8wekyb3d8bbwe?
.ms-windows-store-license,program execution,,LicenseManagerShellExt,"C:\Windows\System32\licensemanagershellext.exe ""%1"""
.msc,program execution,,Microsoft Management Console,"C:\Windows\system32\mmc.exe ""%1"" %*"
.msepub,open-with list,,Pick an app,"C:\Windows\system32\OpenWith.exe ""%1"""
.msg,open-with list,,Pick an app,"C:\Windows\system32\OpenWith.exe ""%1"""
.msi,program execution,,Windows® installer,"""C:\Windows\System32\msiexec.exe"" /i ""%1"" %*"
.msix,program execution,,App Installer,C:\Program Files\WindowsApps\Microsoft.DesktopAppInstaller_1.19.10173.0_x64__8wekyb3d8bbwe?
.msixbundle,program execution,,App Installer,C:\Program Files\WindowsApps\Microsoft.DesktopAppInstaller_1.19.10173.0_x64__8wekyb3d8bbwe?
.msp,program execution,,Windows® installer,"""C:\Windows\System32\msiexec.exe"" /p ""%1"" %*"
.msrcincident,program execution,,Windows Remote Assistance,"""C:\Windows\system32\msra.exe"" -openfile ""%1"""
.msstyles,program execution,,Windows Shell Common Dll,"C:\Windows\system32\rundll32.exe C:\Windows\system32\shell32.dll,Control_RunDLL C:\Windows\system32\desk.cpl desk,@Appearance /Action:OpenMSTheme /file:""%1"""
.msu,program execution,,Windows Update Standalone Installer,"""C:\Windows\system32\wusa.exe"" ""%1"" %*"
.mts,program execution,,Movies & TV,C:\Windows\system32\wmp.dll?
.mtx,program execution,,Microsoft Visual Studio 2022,"""C:\Program Files\Microsoft Visual Studio\2022\Community\Common7\IDE\devenv.exe"" /dde"
.mv,open-with list,,Pick an app,"C:\Windows\system32\OpenWith.exe ""%1"""
.mydocs,open-with list,,,
.natvis,program execution,,Microsoft Visual Studio 2022,"""C:\Program Files\Microsoft Visual Studio\2022\Community\Common7\IDE\devenv.exe"" /dde"
.ncb,open-with list,,,
.nef,program execution,,Photos,C:\Program Files\WindowsApps\Microsoft.Windows.Photos_2023.10030.27002.0_x64__8wekyb3d8bbwe?
.nfo,program execution,,System Information,"C:\Windows\system32\msinfo32.exe ""%1"""
.nls,open-with list,,Pick an app,"C:\Windows\system32\OpenWith.exe ""%1"""
.note,program execution,,Microsoft OneDrive File Launcher,"""C:\Users\hacker\AppData\Local\Microsoft\OneDrive\23.086.0423.0002\OneDriveFileLauncher.exe"" ""%1"""
.nrw,program execution,,Photos,C:\Program Files\WindowsApps\Microsoft.Windows.Photos_2023.10030.27002.0_x64__8wekyb3d8bbwe?
.nvr,open-with list,,Pick an app,"C:\Windows\system32\OpenWith.exe ""%1"""
.obj,program execution,,3D Viewer,C:\Program Files\WindowsApps\Microsoft.Microsoft3DViewer_7.2211.24012.0_x64__8wekyb3d8bbwe?
.ocx,open-with list,,,
.oc_,open-with list,,Pick an app,"C:\Windows\system32\OpenWith.exe ""%1"""
.odc,open-with list,,Pick an app,"C:\Windows\system32\OpenWith.exe ""%1"""
.odh,program execution,,Microsoft Visual Studio 2022,"""C:\Program Files\Microsoft Visual Studio\2022\Community\Common7\IDE\devenv.exe"" /dde"
.odl,program execution,,Microsoft Visual Studio 2022,"""C:\Program Files\Microsoft Visual Studio\2022\Community\Common7\IDE\devenv.exe"" /dde"
.odt,program execution,,WordPad,"""C:\Program Files\Windows NT\Accessories\WORDPAD.EXE"" ""%1"""
.oga,program execution,,Groove Music,C:\Program Files\WindowsApps\Microsoft.ZuneMusic_10.22031.10091.0_x64__8wekyb3d8bbwe?
.ogg,program execution,,Groove Music,C:\Program Files\WindowsApps\Microsoft.ZuneMusic_10.22031.10091.0_x64__8wekyb3d8bbwe?
.ogm,program execution,,Movies & TV,C:\Program Files\WindowsApps\Microsoft.ZuneVideo_10.22091.10041.0_x64__8wekyb3d8bbwe?
.ogv,program execution,,Movies & TV,C:\Program Files\WindowsApps\Microsoft.ZuneVideo_10.22091.10041.0_x64__8wekyb3d8bbwe?
.ogx,program execution,,Movies & TV,C:\Program Files\WindowsApps\Microsoft.ZuneVideo_10.22091.10041.0_x64__8wekyb3d8bbwe?
.one,program execution,,OneNote for Windows 10,C:\Program Files\WindowsApps\Microsoft.Office.OneNote_16001.14326.21386.0_x64__8wekyb3d8bbwe?
.onetoc2,program execution,,OneNote for Windows 10,C:\Program Files\WindowsApps\Microsoft.Office.OneNote_16001.14326.21386.0_x64__8wekyb3d8bbwe?
.opus,program execution,,Groove Music,C:\Program Files\WindowsApps\Microsoft.ZuneMusic_10.22031.10091.0_x64__8wekyb3d8bbwe?
.orderedtest,program execution,,Microsoft Visual Studio 2022,"""C:\Program Files\Microsoft Visual Studio\2022\Community\Common7\IDE\devenv.exe"" /dde"
.orf,program execution,,Photos,C:\Program Files\WindowsApps\Microsoft.Windows.Photos_2023.10030.27002.0_x64__8wekyb3d8bbwe?
.ori,program execution,,Photos,C:\Program Files\WindowsApps\Microsoft.Windows.Photos_2023.10030.27002.0_x64__8wekyb3d8bbwe?
.osdx,program execution,,Windows Explorer,C:\Windows\explorer.exe
.otf,program execution,,Windows Font Viewer,C:\Windows\System32\fontview.exe %1
.oxps,open-with list,,Pick an app,"C:\Windows\system32\OpenWith.exe ""%1"""
.p10,open-with list,,,
.p12,program execution,,Crypto Shell Extensions,"C:\Windows\system32\rundll32.exe cryptext.dll,CryptExtAddPFX %1"
.p7b,program execution,,Crypto Shell Extensions,"C:\Windows\system32\rundll32.exe cryptext.dll,CryptExtOpenPKCS7 %1"
.p7c,program execution,,Windows Contacts,"""C:\Program Files\Windows Mail\wab.exe"" /certificate ""%1"""
.p7m,open-with list,,,
.p7r,program execution,,Crypto Shell Extensions,"C:\Windows\system32\rundll32.exe cryptext.dll,CryptExtOpenP7R %1"
.p7s,program execution,,Crypto Shell Extensions,"C:\Windows\system32\\rundll32.exe cryptext.dll,CryptExtOpenPKCS7 %1"
.pal,open-with list,,,
.partial,program execution,,Internet Explorer,"""C:\Program Files\Internet Explorer\iexplore.exe"" %1"
.pbk,program execution,,Remote Access Phonebook,"C:\Windows\system32\rasphone.exe -f ""%1"""
.pch,open-with list,,,
.pdb,open-with list,,,
.pdf,program execution,,Microsoft Edge,"""C:\Program Files (x86)\Microsoft\Edge\Application\msedge.exe"" --single-argument %1"
.pds,open-with list,,Pick an app,"C:\Windows\system32\OpenWith.exe ""%1"""
.pef,program execution,,Photos,C:\Program Files\WindowsApps\Microsoft.Windows.Photos_2023.10030.27002.0_x64__8wekyb3d8bbwe?
.perfmoncfg,program execution,,Resource and Performance Monitor,"C:\Windows\system32\perfmon /sys /load ""%1"""
.pfm,program execution,,Windows Font Viewer,C:\Windows\System32\fontview.exe %1
.pfx,program execution,,Crypto Shell Extensions,"C:\Windows\system32\rundll32.exe cryptext.dll,CryptExtAddPFX %1"
.php3,open-with list,,Pick an app,"C:\Windows\system32\OpenWith.exe ""%1"""
.pic,open-with list,,Pick an app,"C:\Windows\system32\OpenWith.exe ""%1"""
.pif,program execution,,,"""%1"" %*"
.pkgdef,program execution,,Microsoft Visual Studio 2022,"""C:\Program Files\Microsoft Visual Studio\2022\Community\Common7\IDE\devenv.exe"" /dde"
.pkgundef,program execution,,Microsoft Visual Studio 2022,"""C:\Program Files\Microsoft Visual Studio\2022\Community\Common7\IDE\devenv.exe"" /dde"
.pko,open-with list,,,
.pl,open-with list,,Pick an app,"C:\Windows\system32\OpenWith.exe ""%1"""
.plg,open-with list,,Pick an app,"C:\Windows\system32\OpenWith.exe ""%1"""
.ply,program execution,,3D Viewer,C:\Program Files\WindowsApps\Microsoft.Microsoft3DViewer_7.2211.24012.0_x64__8wekyb3d8bbwe?
.pma,open-with list,,Pick an app,"C:\Windows\system32\OpenWith.exe ""%1"""
.pmc,open-with list,,Pick an app,"C:\Windows\system32\OpenWith.exe ""%1"""
.pml,open-with list,,Pick an app,"C:\Windows\system32\OpenWith.exe ""%1"""
.pmr,open-with list,,Pick an app,"C:\Windows\system32\OpenWith.exe ""%1"""
.pnf,open-with list,,,
.png,program execution,,Photos,C:\Program Files\WindowsApps\Microsoft.Windows.Photos_2023.10030.27002.0_x64__8wekyb3d8bbwe?
.pot,open-with list,,Pick an app,"C:\Windows\system32\OpenWith.exe ""%1"""
.ppkg,program execution,,Provisioning package runtime processing tool,"""C:\Windows\System32\provtool.exe"" ""%1"" /source ShellOpen"
.pps,open-with list,,Pick an app,"C:\Windows\system32\OpenWith.exe ""%1"""
.ppt,open-with list,,Pick an app,"C:\Windows\system32\OpenWith.exe ""%1"""
.prc,open-with list,,Pick an app,"C:\Windows\system32\OpenWith.exe ""%1"""
.prf,program execution,,"""msrating.DYNLINK""","""C:\Windows\System32\rundll32.exe"" ""C:\Windows\System32\msrating.dll"",ClickedOnPRF %1"
.printerExport,program execution,,PrintBrm Application,"""PrintBrmUI.exe"" /import /file:""%1"""
.props,program execution,,Microsoft Visual Studio 2022,"""C:\Program Files\Microsoft Visual Studio\2022\Community\Common7\IDE\devenv.exe"" /dde"
.ps,open-with list,,Pick an app,"C:\Windows\system32\OpenWith.exe ""%1"""
.ps1,program execution,,Notepad,"""C:\Windows\System32\notepad.exe"" ""%1"""
.ps1xml,program execution,,Notepad,C:\Windows\system32\NOTEPAD.EXE %1
.psc1,program execution,,Windows PowerShell,"""C:\Windows\System32\WindowsPowerShell\v1.0\powershell.exe"" -p ""%1"""
.psd,open-with list,,Pick an app,"C:\Windows\system32\OpenWith.exe ""%1"""
.psd1,program execution,,Notepad,"""C:\Windows\System32\notepad.exe"" ""%1"""
.psh,program execution,,Microsoft Visual Studio 2022,"""C:\Program Files\Microsoft Visual Studio\2022\Community\Common7\IDE\devenv.exe"" /dde"
.pshader,program execution,,Microsoft Visual Studio 2022,"""C:\Program Files\Microsoft Visual Studio\2022\Community\Common7\IDE\devenv.exe"" /dde"
.psm1,program execution,,Notepad,"""C:\Windows\System32\notepad.exe"" ""%1"""
.pssc,program execution,,Notepad,C:\Windows\system32\NOTEPAD.EXE %1
.ptx,open-with list,,Pick an app,"C:\Windows\system32\OpenWith.exe ""%1"""
.publishproj,program execution,,Microsoft Visual Studio 2022,"""C:\Program Files\Microsoft Visual Studio\2022\Community\Common7\IDE\devenv.exe"" /dde"
.pubxml,program execution,,Microsoft Visual Studio 2022,"""C:\Program Files\Microsoft Visual Studio\2022\Community\Common7\IDE\devenv.exe"" /dde"
.pxn,open-with list,,Pick an app,"C:\Windows\system32\OpenWith.exe ""%1"""
.qds,program execution,,Directory Service Find,"C:\Windows\system32\rundll32.exe C:\Windows\system32\dsquery.dll,OpenSavedDsQuery %1"
.R3D,program execution,,Photos,C:\Program Files\WindowsApps\Microsoft.Windows.Photos_2023.10030.27002.0_x64__8wekyb3d8bbwe?
.raf,program execution,,Photos,C:\Program Files\WindowsApps\Microsoft.Windows.Photos_2023.10030.27002.0_x64__8wekyb3d8bbwe?
.rat,program execution,,"""msrating.DYNLINK""","""C:\Windows\System32\rundll32.exe"" ""C:\Windows\System32\msrating.dll"",ClickedOnRAT %1"
.raw,program execution,,Photos,C:\Program Files\WindowsApps\Microsoft.Windows.Photos_2023.10030.27002.0_x64__8wekyb3d8bbwe?
.razor,program execution,,Microsoft Visual Studio 2022,"""C:\Program Files\Microsoft Visual Studio\2022\Community\Common7\IDE\devenv.exe"" /dde"
.rc,program execution,,Microsoft Visual Studio 2022,"""C:\Program Files\Microsoft Visual Studio\2022\Community\Common7\IDE\devenv.exe"" /dde"
.rc2,program execution,,Microsoft Visual Studio 2022,"""C:\Program Files\Microsoft Visual Studio\2022\Community\Common7\IDE\devenv.exe"" /dde"
.rct,program execution,,Microsoft Visual Studio 2022,"""C:\Program Files\Microsoft Visual Studio\2022\Community\Common7\IDE\devenv.exe"" /dde"
.RDP,program execution,,Remote Desktop Connection,"mstsc.exe ""%1"""
.reg,program execution,,Registry Editor,"regedit.exe ""%1"""
.res,program execution,,Microsoft Visual Studio 2022,"""C:\Program Files\Microsoft Visual Studio\2022\Community\Common7\IDE\devenv.exe"" /dde"
.resmoncfg,program execution,,Resource and Performance Monitor,"C:\Windows\system32\perfmon /res /load ""%1"""
.resw,open-with list,,,
.resx,open-with list,,,C:\Windows\System32\msxml3.dll?
.rgs,program execution,,Microsoft Visual Studio 2022,"""C:\Program Files\Microsoft Visual Studio\2022\Community\Common7\IDE\devenv.exe"" /dde"
.rle,program execution,,Paint,"""C:\Windows\system32\mspaint.exe"" ""%1"""
.rll,open-with list,,,
.rmi,program execution,,Windows Media Player,"""C:\Program Files (x86)\Windows Media Player\wmplayer.exe"" /Play ""%L"""
.rpc,open-with list,,Pick an app,"C:\Windows\system32\OpenWith.exe ""%1"""
.rsp,open-with list,,Pick an app,"C:\Windows\system32\OpenWith.exe ""%1"""
.rtf,program execution,,WordPad,"""C:\Program Files\Windows NT\Accessories\WORDPAD.EXE"" ""%1"""
.rul,open-with list,,Pick an app,"C:\Windows\system32\OpenWith.exe ""%1"""
.ruleset,program execution,,Microsoft Visual Studio 2022,"""C:\Program Files\Microsoft Visual Studio\2022\Community\Common7\IDE\devenv.exe"" /dde"
.rw2,program execution,,Photos,C:\Program Files\WindowsApps\Microsoft.Windows.Photos_2023.10030.27002.0_x64__8wekyb3d8bbwe?
.rwl,program execution,,Photos,C:\Program Files\WindowsApps\Microsoft.Windows.Photos_2023.10030.27002.0_x64__8wekyb3d8bbwe?
.rwz,program execution,,Photos,C:\Program Files\WindowsApps\Microsoft.Windows.Photos_2023.10030.27002.0_x64__8wekyb3d8bbwe?
.s,program execution,,Microsoft Visual Studio 2022,"""C:\Program Files\Microsoft Visual Studio\2022\Community\Common7\IDE\devenv.exe"" /dde"
.sbr,open-with list,,,
.sc2,open-with list,,Pick an app,"C:\Windows\system32\OpenWith.exe ""%1"""
.scc,open-with list,,Pick an app,"C:\Windows\system32\OpenWith.exe ""%1"""
.scd,open-with list,,Pick an app,"C:\Windows\system32\OpenWith.exe ""%1"""
.scf,program execution,,Windows Explorer,C:\Windows\explorer.exe
.sch,open-with list,,Pick an app,"C:\Windows\system32\OpenWith.exe ""%1"""
.scp,program execution,,Notepad,C:\Windows\system32\NOTEPAD.EXE %1
.scr,program execution,,,"""%1"" /S"
.scss,program execution,,Microsoft Visual Studio 2022,"""C:\Program Files\Microsoft Visual Studio\2022\Community\Common7\IDE\devenv.exe"" /dde"
.sct,program execution,,Notepad,"""C:\Windows\System32\NOTEPAD.EXE"" ""%1"""
.sdl,program execution,,Microsoft Visual Studio 2022,"""C:\Program Files\Microsoft Visual Studio\2022\Community\Common7\IDE\devenv.exe"" /dde"
.search-ms,program execution,,Windows Explorer,C:\Windows\Explorer.exe
.searchConnector-ms,program execution,,Windows Explorer,C:\Windows\Explorer.exe
.sed,open-with list,,Pick an app,"C:\Windows\system32\OpenWith.exe ""%1"""
.settingcontent-ms,program execution,,Windows Shell Common Dll,
.settings,open-with list,,,C:\Windows\System32\msxml3.dll?
.sfcache,open-with list,,,
.sh,program execution,,Git for Windows,"""C:\Program Files\Git\git-bash.exe"" --no-cd ""%L"" %*"
.shproj,program execution,,Microsoft Visual Studio Version Selector,"""C:\Program Files (x86)\Common Files\Microsoft Shared\MSEnv\VSLauncher.exe"" ""%1"""
.shtm,open-with list,,Pick an app,"C:\Windows\system32\OpenWith.exe ""%1"""
.shtml,program execution,,Microsoft Edge,"""C:\Program Files (x86)\Microsoft\Edge\Application\msedge.exe"" --single-argument %1"
.sit,open-with list,,Pick an app,"C:\Windows\system32\OpenWith.exe ""%1"""
.sitemap,program execution,,Microsoft Visual Studio 2022,"""C:\Program Files\Microsoft Visual Studio\2022\Community\Common7\IDE\devenv.exe"" /dde"
.skin,program execution,,Microsoft Visual Studio 2022,"""C:\Program Files\Microsoft Visual Studio\2022\Community\Common7\IDE\devenv.exe"" /dde"
.sln,program execution,,Microsoft Visual Studio Version Selector,"""C:\Program Files (x86)\Common Files\Microsoft Shared\MSEnv\VSLauncher.exe"" ""%1"""
.slnf,program execution,,Microsoft Visual Studio Version Selector,"""C:\Program Files (x86)\Common Files\Microsoft Shared\MSEnv\VSLauncher.exe"" ""%1"""
.snd,program execution,,Windows Media Player,"""C:\Program Files (x86)\Windows Media Player\wmplayer.exe"" /Play ""%L"""
.snippet,program execution,,Microsoft Visual Studio 2022,"""C:\Program Files\Microsoft Visual Studio\2022\Community\Common7\IDE\devenv.exe"" /dde"
.snk,open-with list,,,
.sol,open-with list,,Pick an app,"C:\Windows\system32\OpenWith.exe ""%1"""
.solitairetheme8,open-with list,,Pick an app,"C:\Windows\system32\OpenWith.exe ""%1"""
.sor,open-with list,,Pick an app,"C:\Windows\system32\OpenWith.exe ""%1"""
.spc,program execution,,Crypto Shell Extensions,"C:\Windows\system32\rundll32.exe cryptext.dll,CryptExtOpenPKCS7 %1"
.sql,open-with list,,Pick an app,"C:\Windows\system32\OpenWith.exe ""%1"""
.sr2,program execution,,Photos,C:\Program Files\WindowsApps\Microsoft.Windows.Photos_2023.10030.27002.0_x64__8wekyb3d8bbwe?
.srf,program execution,,Microsoft Visual Studio 2022,"""C:\Program Files\Microsoft Visual Studio\2022\Community\Common7\IDE\devenv.exe"" /dde"
.srw,program execution,,Photos,C:\Program Files\WindowsApps\Microsoft.Windows.Photos_2023.10030.27002.0_x64__8wekyb3d8bbwe?
.sr_,open-with list,,Pick an app,"C:\Windows\system32\OpenWith.exe ""%1"""
.sst,program execution,,Crypto Shell Extensions,"C:\Windows\system32\rundll32.exe cryptext.dll,CryptExtOpenSTR %1"
.stl,program execution,,Paint 3D,
.stm,open-with list,,Pick an app,"C:\Windows\system32\OpenWith.exe ""%1"""
.stvproj,program execution,,SvcTraceViewer.exe,"""C:\Program Files (x86)\Microsoft SDKs\Windows\v10.0A\bin\NETFX 4.8 Tools\SvcTraceViewer.exe"" ""%1"""
.suo,open-with list,,,
.svc,program execution,,Microsoft Visual Studio 2022,"""C:\Program Files\Microsoft Visual Studio\2022\Community\Common7\IDE\devenv.exe"" /dde"
.svclog,program execution,,SvcTraceViewer.exe,"""C:\Program Files (x86)\Microsoft SDKs\Windows\v10.0A\bin\NETFX 4.8 Tools\SvcTraceViewer.exe"" ""%1"""
.svg,program execution,,Microsoft Edge,"""C:\Program Files (x86)\Microsoft\Edge\Application\msedge.exe"" --single-argument %1"
.sym,open-with list,,Pick an app,"C:\Windows\system32\OpenWith.exe ""%1"""
.symlink,open-with list,,,
.sys,open-with list,,,
.sy_,open-with list,,Pick an app,"C:\Windows\system32\OpenWith.exe ""%1"""
.tab,open-with list,,Pick an app,"C:\Windows\system32\OpenWith.exe ""%1"""
.tar,open-with list,,Pick an app,"C:\Windows\system32\OpenWith.exe ""%1"""
.targets,program execution,,Microsoft Visual Studio 2022,"""C:\Program Files\Microsoft Visual Studio\2022\Community\Common7\IDE\devenv.exe"" /dde"
.tdl,open-with list,,Pick an app,"C:\Windows\system32\OpenWith.exe ""%1"""
.testrunconfig,program execution,,Microsoft Visual Studio 2022,"""C:\Program Files\Microsoft Visual Studio\2022\Community\Common7\IDE\devenv.exe"" /dde"
.testsettings,program execution,,Microsoft Visual Studio 2022,"""C:\Program Files\Microsoft Visual Studio\2022\Community\Common7\IDE\devenv.exe"" /dde"
.text,open-with list,,Pick an app,"C:\Windows\system32\OpenWith.exe ""%1"""
.tgz,open-with list,,Pick an app,"C:\Windows\system32\OpenWith.exe ""%1"""
.theme,program execution,,Personalization CPL,"C:\Windows\system32\rundll32.exe C:\Windows\system32\themecpl.dll,OpenThemeAction %1"
.themepack,program execution,,Personalization CPL,"C:\Windows\system32\rundll32.exe C:\Windows\system32\themecpl.dll,OpenThemeAction %1"
.thumb,program execution,,Photos,C:\Program Files\WindowsApps\Microsoft.Windows.Photos_2023.10030.27002.0_x64__8wekyb3d8bbwe?
.tif,program execution,,Windows Photo Viewer,"C:\Windows\System32\rundll32.exe ""C:\Program Files\Windows Photo Viewer\PhotoViewer.dll"", ImageView_Fullscreen %1"
.tiff,program execution,,Windows Photo Viewer,"C:\Windows\System32\rundll32.exe ""C:\Program Files\Windows Photo Viewer\PhotoViewer.dll"", ImageView_Fullscreen %1"
.tlb,open-with list,,Pick an app,"C:\Windows\system32\OpenWith.exe ""%1"""
.tlh,program execution,,Microsoft Visual Studio 2022,"""C:\Program Files\Microsoft Visual Studio\2022\Community\Common7\IDE\devenv.exe"" /dde"
.tli,program execution,,Microsoft Visual Studio 2022,"""C:\Program Files\Microsoft Visual Studio\2022\Community\Common7\IDE\devenv.exe"" /dde"
.tod,program execution,,Movies & TV,C:\Windows\system32\wmp.dll?
.trg,open-with list,,Pick an app,"C:\Windows\system32\OpenWith.exe ""%1"""
.trx,program execution,,Microsoft Visual Studio 2022,"""C:\Program Files\Microsoft Visual Studio\2022\Community\Common7\IDE\devenv.exe"" /dde"
.ts,program execution,,Movies & TV,C:\Windows\system32\wmp.dll?
.tsp,open-with list,,Pick an app,"C:\Windows\system32\OpenWith.exe ""%1"""
.tsv,open-with list,,Pick an app,"C:\Windows\system32\OpenWith.exe ""%1"""
.tt,program execution,,Microsoft Visual Studio 2022,"""C:\Program Files\Microsoft Visual Studio\2022\Community\Common7\IDE\devenv.exe"" /dde"
.ttc,program execution,,Windows Font Viewer,C:\Windows\System32\fontview.exe %1
.ttf,program execution,,Windows Font Viewer,C:\Windows\System32\fontview.exe %1
.tts,program execution,,Movies & TV,C:\Windows\system32\wmp.dll?
.txt,program execution,,Notepad,C:\Windows\system32\NOTEPAD.EXE %1
.udf,open-with list,,Pick an app,"C:\Windows\system32\OpenWith.exe ""%1"""
.UDL,program execution,,OLE DB Core Services,"Rundll32.exe ""C:\Program Files\Common Files\System\OLE DB\oledb32.dll"",OpenDSLFile %1"
.udt,open-with list,,Pick an app,"C:\Windows\system32\OpenWith.exe ""%1"""
.uitest,program execution,,Microsoft Visual Studio 2022,"""C:\Program Files\Microsoft Visual Studio\2022\Community\Common7\IDE\devenv.exe"" /dde"
.URL,program execution,,Internet Browser,"""C:\Windows\System32\rundll32.exe"" ""C:\Windows\System32\ieframe.dll"",OpenURL %l"
.user,open-with list,,,C:\Windows\System32\mshtml.dll?
.usr,open-with list,,Pick an app,"C:\Windows\system32\OpenWith.exe ""%1"""
.uvu,open-with list,,Pick an app,"C:\Windows\system32\OpenWith.exe ""%1"""
.vb,program execution,,Microsoft Visual Studio 2022,"""C:\Program Files\Microsoft Visual Studio\2022\Community\Common7\IDE\devenv.exe"" /dde"
.VBE,program execution,,Microsoft ® Windows Based Script Host,"""C:\Windows\System32\WScript.exe"" ""%1"" %*"
.vbhtml,program execution,,Microsoft Visual Studio 2022,"""C:\Program Files\Microsoft Visual Studio\2022\Community\Common7\IDE\devenv.exe"" /dde"
.vbproj,program execution,,Microsoft Visual Studio Version Selector,"""C:\Program Files (x86)\Common Files\Microsoft Shared\MSEnv\VSLauncher.exe"" ""%1"""
.vbs,program execution,,Microsoft ® Windows Based Script Host,"""C:\Windows\System32\WScript.exe"" ""%1"" %*"
.vbx,open-with list,,Pick an app,"C:\Windows\system32\OpenWith.exe ""%1"""
.vcf,program execution,,People,C:\Program Files\WindowsApps\Microsoft.People_10.2202.30.0_x64__8wekyb3d8bbwe?
.vcproj,program execution,,Microsoft Visual Studio Version Selector,"""C:\Program Files (x86)\Common Files\Microsoft Shared\MSEnv\VSLauncher.exe"" ""%1"""
.vcxitems,program execution,,Microsoft Visual Studio Version Selector,"""C:\Program Files (x86)\Common Files\Microsoft Shared\MSEnv\VSLauncher.exe"" ""%1"""
.vcxproj,program execution,,Microsoft Visual Studio Version Selector,"""C:\Program Files (x86)\Common Files\Microsoft Shared\MSEnv\VSLauncher.exe"" ""%1"""
.vhd,program execution,,Windows Explorer,C:\Windows\Explorer.exe
.vhdpmem,open-with list,,,
.vhdx,program execution,,Windows Explorer,C:\Windows\Explorer.exe
.viw,open-with list,,Pick an app,"C:\Windows\system32\OpenWith.exe ""%1"""
.vob,open-with list,,Pick an app,"C:\Windows\system32\OpenWith.exe ""%1"""
.vsct,program execution,,Microsoft Visual Studio 2022,"""C:\Program Files\Microsoft Visual Studio\2022\Community\Common7\IDE\devenv.exe"" /dde"
.vsglog,program execution,,Visual Studio 2022 Graphics Analyzer,"""C:\Program Files\Microsoft Visual Studio\2022\Community\Common7\IDE\vsga.exe"" /dde"
.vsh,program execution,,Microsoft Visual Studio 2022,"""C:\Program Files\Microsoft Visual Studio\2022\Community\Common7\IDE\devenv.exe"" /dde"
.vshader,program execution,,Microsoft Visual Studio 2022,"""C:\Program Files\Microsoft Visual Studio\2022\Community\Common7\IDE\devenv.exe"" /dde"
.vsix,program execution,,Microsoft Visual Studio Version Selector,"""C:\Program Files (x86)\Common Files\Microsoft Shared\MSEnv\VSLauncher.exe"" ""%1"""
.vsixlangpack,program execution,,Microsoft Visual Studio 2022,"""C:\Program Files\Microsoft Visual Studio\2022\Community\Common7\IDE\devenv.exe"" /dde"
.vsixmanifest,program execution,,Microsoft Visual Studio 2022,"""C:\Program Files\Microsoft Visual Studio\2022\Community\Common7\IDE\devenv.exe"" /dde"
.vsmdi,program execution,,Microsoft Visual Studio 2022,"""C:\Program Files\Microsoft Visual Studio\2022\Community\Common7\IDE\devenv.exe"" /dde"
.vsp,program execution,,Microsoft Visual Studio 2022,"""C:\Program Files\Microsoft Visual Studio\2022\Community\Common7\IDE\devenv.exe"" ""%1"""
.vsprops,program execution,,Microsoft Visual Studio 2022,"""C:\Program Files\Microsoft Visual Studio\2022\Community\Common7\IDE\devenv.exe"" ""%1"""
.vsps,program execution,,Microsoft Visual Studio 2022,"""C:\Program Files\Microsoft Visual Studio\2022\Community\Common7\IDE\devenv.exe"" ""%1"""
.vspscc,open-with list,,,
.vsscc,open-with list,,,
.vssettings,open-with list,,,C:\Windows\System32\msxml3.dll?
.vssscc,open-with list,,,
.vstemplate,program execution,,Microsoft Visual Studio 2022,"""C:\Program Files\Microsoft Visual Studio\2022\Community\Common7\IDE\devenv.exe"" /dde"
.vsz,open-with list,,,
.vxd,open-with list,,,
.wab,program execution,,Windows Contacts,"""C:\Program Files\Windows Mail\wab.exe"" /Import ""%1"""
.wav,program execution,,Groove Music,C:\Windows\system32\wmp.dll?
.wax,program execution,,Windows Media Player,"""C:\Program Files (x86)\Windows Media Player\wmplayer.exe"" /Play ""%L"""
.wbcat,program execution,,Microsoft® Windows Backup,C:\Windows\system32\sdclt.exe /restorepage
.wcx,program execution,,Extensible Wizards Host Process,"""C:\Windows\System32\xwizard.exe"" RunWizard /u {7940acf8-60ba-4213-a7c3-f3b400ee266d} /z%1"
.wdp,program execution,,Photos,C:\Windows\System32\mshtml.dll?
.weba,open-with list,,Pick an app,"C:\Windows\system32\OpenWith.exe ""%1"""
.webm,program execution,,Movies & TV,C:\Program Files\WindowsApps\Microsoft.ZuneVideo_10.22091.10041.0_x64__8wekyb3d8bbwe?
.webp,program execution,,Microsoft Edge,"""C:\Program Files (x86)\Microsoft\Edge\Application\msedge.exe"" --single-argument %1"
.webpnp,program execution,,Support exe for Internet Printing,C:\Windows\system32\wpnpinst.exe %1
.website,program execution,,Internet Explorer,"""C:\Program Files\Internet Explorer\iexplore.exe"" -w ""%l"" %*"
.whiteboard,program execution,,Microsoft OneDrive File Launcher,"""C:\Users\hacker\AppData\Local\Microsoft\OneDrive\23.086.0423.0002\OneDriveFileLauncher.exe"" ""%1"""
.wll,open-with list,,Pick an app,"C:\Windows\system32\OpenWith.exe ""%1"""
.wlt,open-with list,,Pick an app,"C:\Windows\system32\OpenWith.exe ""%1"""
.wm,program execution,,Movies & TV,C:\Windows\system32\wmp.dll?
.wma,program execution,,Groove Music,C:\Windows\system32\wmp.dll?
.WMD,program execution,,Windows Media Player,"""C:\Program Files (x86)\Windows Media Player\wmplayer.exe"" /WMPackage:""%L"""
.wmdb,open-with list,,,
.wmf,program execution,,Paint,"""C:\Windows\system32\mspaint.exe"" ""%1"""
.wmp,open-with list,,Pick an app,"C:\Windows\system32\OpenWith.exe ""%1"""
.WMS,program execution,,Windows Media Player,"""C:\Program Files (x86)\Windows Media Player\wmplayer.exe"" /layout:""%L"""
.wmv,program execution,,Movies & TV,C:\Windows\system32\wmp.dll?
.wmx,program execution,,Windows Media Player,"""C:\Program Files (x86)\Windows Media Player\wmplayer.exe"" /Play ""%L"""
.wmz,program execution,,Windows Media Player,"""C:\Program Files (x86)\Windows Media Player\wmplayer.exe"" /layout:""%L"""
.wpl,program execution,,Groove Music,C:\Windows\system32\wmp.dll?
.wri,open-with list,,Pick an app,"C:\Windows\system32\OpenWith.exe ""%1"""
.wsb,open-with list,,Pick an app,"C:\Windows\system32\OpenWith.exe ""%1"""
.wsc,program execution,,Notepad,"""C:\Windows\System32\NOTEPAD.EXE"" ""%1"""
.wsdl,program execution,,Microsoft Visual Studio 2022,"""C:\Program Files\Microsoft Visual Studio\2022\Community\Common7\IDE\devenv.exe"" /dde"
.WSF,program execution,,Microsoft ® Windows Based Script Host,"""C:\Windows\System32\WScript.exe"" ""%1"" %*"
.WSH,program execution,,Microsoft ® Windows Based Script Host,"""C:\Windows\System32\WScript.exe"" ""%1"" %*"
.wsz,open-with list,,Pick an app,"C:\Windows\system32\OpenWith.exe ""%1"""
.WTV,program execution,,Windows Media Player,"""C:\Program Files (x86)\Windows Media Player\wmplayer.exe"" /Play ""%L"""
.wtx,program execution,,Notepad,C:\Windows\system32\NOTEPAD.EXE %1
.wvx,program execution,,Windows Media Player,"""C:\Program Files (x86)\Windows Media Player\wmplayer.exe"" /Play ""%L"""
.x,open-with list,,Pick an app,"C:\Windows\system32\OpenWith.exe ""%1"""
.x3f,program execution,,Photos,C:\Program Files\WindowsApps\Microsoft.Windows.Photos_2023.10030.27002.0_x64__8wekyb3d8bbwe?
.xaml,program execution,,Windows Presentation Foundation Host,"""C:\Windows\System32\PresentationHost.exe"" ""%1"" %*"
.xbap,program execution,,Windows Presentation Foundation Host,"""C:\Windows\System32\PresentationHost.exe"" ""%1"" %*"
.xdr,program execution,,Microsoft Visual Studio 2022,"""C:\Program Files\Microsoft Visual Studio\2022\Community\Common7\IDE\devenv.exe"" /dde"
.xht,program execution,,Internet Explorer,"""C:\Program Files\Internet Explorer\iexplore.exe"" %1"
.xhtml,program execution,,Internet Explorer,"""C:\Program Files\Internet Explorer\iexplore.exe"" %1"
.xix,open-with list,,Pick an app,"C:\Windows\system32\OpenWith.exe ""%1"""
.xlb,open-with list,,Pick an app,"C:\Windows\system32\OpenWith.exe ""%1"""
.xlc,open-with list,,Pick an app,"C:\Windows\system32\OpenWith.exe ""%1"""
.xls,open-with list,,Pick an app,"C:\Windows\system32\OpenWith.exe ""%1"""
.xlt,open-with list,,Pick an app,"C:\Windows\system32\OpenWith.exe ""%1"""
.xml,program execution,,Internet Explorer,"""C:\Program Files\Internet Explorer\iexplore.exe"" %1"
.xproj,program execution,,Microsoft Visual Studio 2022,"""C:\Program Files\Microsoft Visual Studio\2022\Community\Common7\IDE\devenv.exe"" ""%1"""
.xps,open-with list,,Pick an app,"C:\Windows\system32\OpenWith.exe ""%1"""
.xrm-ms,program execution,,Internet Explorer,"""iexplore.exe"" ""%1"""
.xsc,open-with list,,,C:\Windows\System32\msxml3.dll?
.xsd,program execution,,Microsoft Visual Studio 2022,"""C:\Program Files\Microsoft Visual Studio\2022\Community\Common7\IDE\devenv.exe"" /dde"
.xsl,program execution,,Internet Explorer,"""C:\Program Files\Internet Explorer\iexplore.exe"" %1"
.xslt,program execution,,Microsoft Visual Studio 2022,"""C:\Program Files\Microsoft Visual Studio\2022\Community\Common7\IDE\devenv.exe"" /dde"
.xss,open-with list,,,C:\Windows\System32\msxml3.dll?
.xvid,program execution,,Movies & TV,C:\Program Files\WindowsApps\Microsoft.ZuneVideo_10.22091.10041.0_x64__8wekyb3d8bbwe?
.z,open-with list,,Pick an app,"C:\Windows\system32\OpenWith.exe ""%1"""
.z96,open-with list,,Pick an app,"C:\Windows\system32\OpenWith.exe ""%1"""
.ZFSendToTarget,open-with list,,,
.zip,program execution,,Windows Explorer,"C:\Windows\Explorer.exe /idlist,%I,%L"
.zoo,open-with list,,Pick an app,"C:\Windows\system32\OpenWith.exe ""%1"""
.zpl,program execution,,Groove Music,C:\Program Files\WindowsApps\Microsoft.ZuneMusic_10.22031.10091.0_x64__8wekyb3d8bbwe?
._bsln140,open-with list,,,
._bsln150,open-with list,,,
._sln,open-with list,,,
._sln100,open-with list,,,
._sln110,open-with list,,,
._sln120,open-with list,,,
._sln140,open-with list,,,
._sln150,open-with list,,,
._sln160,open-with list,,,
._sln170,open-with list,,,
._sln60,open-with list,,,
._sln70,open-with list,,,
._sln71,open-with list,,,
._sln80,open-with list,,,
._sln90,open-with list,,,
._vbxsln100,open-with list,,,
._vbxsln110,open-with list,,,
._vbxsln80,open-with list,,,
._vbxsln90,open-with list,,,
._vcppxsln100,open-with list,,,
._vcppxsln110,open-with list,,,
._vcppxsln80,open-with list,,,
._vcppxsln90,open-with list,,,
._vcsxsln100,open-with list,,,
._vcsxsln110,open-with list,,,
._vcsxsln80,open-with list,,,
._vcsxsln90,open-with list,,,
._vjsxsln80,open-with list,,,
._vw8xsln110,open-with list,,,
._vwdxsln100,open-with list,,,
._vwdxsln110,open-with list,,,
._vwdxsln120,open-with list,,,
._vwdxsln140,open-with list,,,
._vwdxsln150,open-with list,,,
._vwdxsln80,open-with list,,,
._vwdxsln90,open-with list,,,
._vwinxsln120,open-with list,,,
._vwinxsln140,open-with list,,,
._vwinxsln150,open-with list,,,
._wdxsln110,open-with list,,,
._wdxsln120,open-with list,,,
._wdxsln140,open-with list,,,
._wdxsln150,open-with list,,,
